,Twitter,Fridays
OVERALL-0.1,1.623132051064698,0.5101865400113571
OVERALL-100,1.6231320458501548,0.5101865399786861
OVERALL-1000,1.6231320307479071,0.5101865385450804
OVERALL-100000,1.6231213519681216,0.510186703145872
OVERALL-2,1.6231320513077672,0.5101865399985035
OVERALL-32000,1.6231296339908092,0.510186556236139
OVERALL-50,1.6231320519398775,0.5101865398706642
